{
	"class_name" : "PinholeCameraParameters",
	"extrinsic" : 
	[
		0.99679553544899435,
		-0.033268227863199634,
		-0.07274534709378315,
		0.0,
		0.026634185321986747,
		-0.71948712482141675,
		0.69399488282583566,
		0.0,
		-0.075427320522386473,
		-0.69370851388104893,
		-0.71629548168877888,
		0.0,
		-0.62409359421248389,
		0.093715092456071805,
		0.22088084969667776,
		1.0
	],
	"intrinsic" : 
	{
		"height" : 1080,
		"intrinsic_matrix" : 
		[
			935.30743608719376,
			0.0,
			0.0,
			0.0,
			935.30743608719376,
			0.0,
			959.5,
			539.5,
			1.0
		],
		"width" : 1920
	},
	"version_major" : 1,
	"version_minor" : 0
}