{
	"class_name" : "PinholeCameraParameters",
	"extrinsic" : 
	[
		0.99991667674904494,
		0.011388073758775969,
		-0.0060787609930615548,
		0.0,
		0.0065429433504421552,
		-0.041176666594004034,
		0.99913045795857869,
		0.0,
		0.011127868235155974,
		-0.99908698014951181,
		-0.041247747141754255,
		0.0,
		-0.63450193669173172,
		0.091679660169184329,
		0.11023827610567682,
		1.0
	],
	"intrinsic" : 
	{
		"height" : 1080,
		"intrinsic_matrix" : 
		[
			935.30743608719376,
			0.0,
			0.0,
			0.0,
			935.30743608719376,
			0.0,
			959.5,
			539.5,
			1.0
		],
		"width" : 1920
	},
	"version_major" : 1,
	"version_minor" : 0
}